{
  "project_info": {
    "project_number": "188121749461",
    "project_id": "gongsanggongsang-94f86",
    "storage_bucket": "gongsanggongsang-94f86.appspot.com"
  },
  "client": [
    {
      "client_info": {
        "mobilesdk_app_id": "1:188121749461:android:3187eeb5859a2c9857cf5c",
        "android_client_info": {
          "package_name": "com.example.adminapp"
        }
      },
      "oauth_client": [
        {
          "client_id": "188121749461-2j6rd09n4i7nuhsv8d597g9j53ne7fje.apps.googleusercontent.com",
          "client_type": 3
        }
      ],
      "api_key": [
        {
          "current_key": "AIzaSyCv54_R4HFysGQcEqDdBDMakILVNAVI1zI"
        }
      ],
      "services": {
        "appinvite_service": {
          "other_platform_oauth_client": [
            {
              "client_id": "188121749461-2j6rd09n4i7nuhsv8d597g9j53ne7fje.apps.googleusercontent.com",
              "client_type": 3
            }
          ]
        }
      }
    },
    {
      "client_info": {
        "mobilesdk_app_id": "1:188121749461:android:685689d85ff3ecc757cf5c",
        "android_client_info": {
          "package_name": "com.example.gongsanggongsang"
        }
      },
      "oauth_client": [
        {
          "client_id": "188121749461-2j6rd09n4i7nuhsv8d597g9j53ne7fje.apps.googleusercontent.com",
          "client_type": 3
        }
      ],
      "api_key": [
        {
          "current_key": "AIzaSyCv54_R4HFysGQcEqDdBDMakILVNAVI1zI"
        }
      ],
      "services": {
        "appinvite_service": {
          "other_platform_oauth_client": [
            {
              "client_id": "188121749461-2j6rd09n4i7nuhsv8d597g9j53ne7fje.apps.googleusercontent.com",
              "client_type": 3
            }
          ]
        }
      }
    },
    {
      "client_info": {
        "mobilesdk_app_id": "1:188121749461:android:88d56a24ec9e9b6357cf5c",
        "android_client_info": {
          "package_name": "com.example.gongsanggongsangAdmin"
        }
      },
      "oauth_client": [
        {
          "client_id": "188121749461-2j6rd09n4i7nuhsv8d597g9j53ne7fje.apps.googleusercontent.com",
          "client_type": 3
        }
      ],
      "api_key": [
        {
          "current_key": "AIzaSyCv54_R4HFysGQcEqDdBDMakILVNAVI1zI"
        }
      ],
      "services": {
        "appinvite_service": {
          "other_platform_oauth_client": [
            {
              "client_id": "188121749461-2j6rd09n4i7nuhsv8d597g9j53ne7fje.apps.googleusercontent.com",
              "client_type": 3
            }
          ]
        }
      }
    },
    {
      "client_info": {
        "mobilesdk_app_id": "1:188121749461:android:a900da6a75427d5557cf5c",
        "android_client_info": {
          "package_name": "com.example.userapp"
        }
      },
      "oauth_client": [
        {
          "client_id": "188121749461-2j6rd09n4i7nuhsv8d597g9j53ne7fje.apps.googleusercontent.com",
          "client_type": 3
        }
      ],
      "api_key": [
        {
          "current_key": "AIzaSyCv54_R4HFysGQcEqDdBDMakILVNAVI1zI"
        }
      ],
      "services": {
        "appinvite_service": {
          "other_platform_oauth_client": [
            {
              "client_id": "188121749461-2j6rd09n4i7nuhsv8d597g9j53ne7fje.apps.googleusercontent.com",
              "client_type": 3
            }
          ]
        }
      }
    }
  ],
  "configuration_version": "1"
}